"","Df","Sum Sq","Mean Sq","F value","Pr(>F)"
"species",2,7194.31743931567,3597.15871965783,410.600255040506,2.69461373889076e-91
"Residuals",339,2969.88808700011,8.76073182005931,NA,NA
